{"cameraMode":{"drawMode":0,"name":"Shaded","section":"Shading Mode"},"sceneLighting":false,"audioPlay":false,"sceneViewState":{"m_AlwaysRefresh":false,"showFog":true,"showSkybox":true,"showFlares":true,"showImageEffects":true,"showParticleSystems":true,"showVisualEffectGraphs":true,"m_FxEnabled":true},"in2DMode":false,"pivot":{"x":-8.280335426330567,"y":1.6746264696121216,"z":-0.46325045824050906},"rotation":{"x":-0.020897462964057924,"y":0.8986616730690002,"z":-0.053125783801078799,"w":-0.43687349557876589},"size":1.4686765670776368,"orthographic":false}