{"cameraMode":{"drawMode":0,"name":"Shaded","section":"Shading Mode"},"sceneLighting":false,"audioPlay":false,"sceneViewState":{"m_AlwaysRefresh":false,"showFog":true,"showSkybox":true,"showFlares":true,"showImageEffects":true,"showParticleSystems":true,"showVisualEffectGraphs":true,"m_FxEnabled":true},"in2DMode":false,"pivot":{"x":-2.813999891281128,"y":3.5420002937316896,"z":-3.1080000400543215},"rotation":{"x":0.38656675815582278,"y":-0.13255569338798524,"z":0.05471828952431679,"w":0.911531925201416},"size":0.16232267022132874,"orthographic":false}