{"cameraMode":{"drawMode":0,"name":"Shaded","section":"Shading Mode"},"sceneLighting":false,"audioPlay":false,"sceneViewState":{"m_AlwaysRefresh":false,"showFog":true,"showSkybox":true,"showFlares":true,"showImageEffects":true,"showParticleSystems":true,"showVisualEffectGraphs":true,"m_FxEnabled":true},"in2DMode":false,"pivot":{"x":-4.637531280517578,"y":0.7246849536895752,"z":-6.367034912109375},"rotation":{"x":-0.14628954231739045,"y":-0.06601870805025101,"z":0.0077267843298614029,"w":-0.9877649545669556},"size":1.405432105064392,"orthographic":false}