{"cameraMode":{"drawMode":0,"name":"Shaded","section":"Shading Mode"},"sceneLighting":false,"audioPlay":false,"sceneViewState":{"m_AlwaysRefresh":false,"showFog":true,"showSkybox":true,"showFlares":true,"showImageEffects":true,"showParticleSystems":true,"showVisualEffectGraphs":true,"m_FxEnabled":true},"in2DMode":false,"pivot":{"x":1.3632144927978516,"y":1.6462589502334595,"z":1.3712247610092164},"rotation":{"x":-0.17727486789226533,"y":0.4206695854663849,"z":-0.08293496817350388,"w":-0.8863405585289002},"size":1.7717119455337525,"orthographic":false}