{"cameraMode":{"drawMode":0,"name":"Shaded","section":"Shading Mode"},"sceneLighting":false,"audioPlay":false,"sceneViewState":{"m_AlwaysRefresh":false,"showFog":true,"showSkybox":true,"showFlares":true,"showImageEffects":true,"showParticleSystems":true,"showVisualEffectGraphs":true,"m_FxEnabled":true},"in2DMode":false,"pivot":{"x":-12.099630355834961,"y":4.5606842041015629,"z":-12.225975036621094},"rotation":{"x":-0.0032431138679385187,"y":0.9974164366722107,"z":-0.043293893337249759,"w":-0.06820507347583771},"size":0.6580976843833923,"orthographic":false}