{"cameraMode":{"drawMode":0,"name":"Shaded","section":"Shading Mode"},"sceneLighting":false,"audioPlay":false,"sceneViewState":{"m_AlwaysRefresh":false,"showFog":true,"showSkybox":true,"showFlares":true,"showImageEffects":true,"showParticleSystems":true,"showVisualEffectGraphs":true,"m_FxEnabled":true},"in2DMode":false,"pivot":{"x":-6.533646583557129,"y":3.8396799564361574,"z":-1.391916275024414},"rotation":{"x":0.0016131381271407009,"y":-0.9985530972480774,"z":-0.058072108775377277,"w":-0.014695487916469574},"size":0.9997268915176392,"orthographic":false}