{"cameraMode":{"drawMode":0,"name":"Shaded","section":"Shading Mode"},"sceneLighting":false,"audioPlay":false,"sceneViewState":{"m_AlwaysRefresh":false,"showFog":true,"showSkybox":true,"showFlares":true,"showImageEffects":true,"showParticleSystems":true,"showVisualEffectGraphs":true,"m_FxEnabled":true},"in2DMode":false,"pivot":{"x":5.661282062530518,"y":1.105802297592163,"z":-72.4981689453125},"rotation":{"x":-0.0035784405190497638,"y":-0.9928821921348572,"z":0.001025375910103321,"w":-0.12069958448410034},"size":34.36019515991211,"orthographic":false}